auction,bidder,price,datetime
52,320,635.4953917465017,2021-05-30 10:49:10
93,226,267.2055452535182,2022-06-25 22:44:21
15,443,637.6656460686153,2022-08-19 21:21:12
72,440,544.5855259186969,2022-12-30 14:58:27
61,315,782.0469411996322,2022-02-24 00:51:07
21,365,115.91083243868883,2022-01-02 05:54:08
83,454,763.4176234770077,2022-03-20 05:21:11
87,229,545.8539128893492,2022-05-21 14:19:34
75,377,963.3620838204047,2022-11-10 14:23:18
75,289,348.45344437829925,2022-12-26 16:14:55
88,437,636.2956742026087,2021-04-23 04:36:14
24,150,932.7078244549173,2022-09-02 04:53:22
3,277,111.48463071077246,2021-11-27 14:26:11
22,198,937.8562023640866,2021-12-15 13:03:53
53,70,691.0068650778052,2022-09-22 01:42:48
2,112,77.15868851412019,2022-09-09 15:35:10
88,4,307.9539312773481,2022-02-24 08:09:09
30,350,711.0903677588287,2021-02-19 20:24:46
38,331,76.67709545408398,2022-04-19 05:03:58
2,446,586.3487555745105,2021-10-26 12:44:04
64,318,352.42422638342714,2021-04-07 09:44:02
60,350,624.7063625898023,2022-10-16 22:52:40
21,95,55.28461347438772,2021-12-18 12:30:44
33,152,872.8214380908526,2021-04-13 05:18:44
76,311,973.7540794856229,2022-09-16 06:09:49
58,137,969.1890767328346,2022-04-05 18:09:55
22,247,752.1553134254955,2021-02-10 00:10:53
89,387,138.78537772932566,2022-10-08 09:07:47
49,243,760.6805639697324,2022-08-12 01:07:23
91,31,34.341047294213496,2022-11-28 14:20:00
59,40,31.90231601370728,2021-01-22 20:40:06
42,229,330.3741169580458,2022-06-08 00:04:24
92,36,493.75675850061907,2021-12-24 18:45:54
60,408,772.7033436297153,2022-08-31 09:42:19
80,223,686.4624228404401,2022-03-11 05:08:28
15,6,451.44367931298086,2022-02-13 17:41:34
62,322,280.89039961884924,2022-05-27 08:41:53
62,468,997.153255156134,2022-05-20 05:43:14
47,220,431.9194892136132,2021-02-16 23:27:28
62,75,456.87315408637875,2022-12-21 22:04:42
51,4,171.9875829797525,2021-01-10 08:46:18
55,335,796.8614532624301,2022-11-06 08:25:58
64,134,696.7454035236738,2022-09-30 20:04:10
3,118,228.56191666087278,2021-03-22 06:08:26
51,369,91.55723515968427,2022-04-21 00:12:39
7,94,683.694309053966,2021-08-12 20:10:21
21,486,657.9661021383239,2021-12-26 13:37:41
73,435,280.5269317282272,2022-02-01 16:57:49
39,62,951.3549266279063,2021-09-15 22:14:59
18,441,159.54731286309124,2021-11-25 16:21:08
4,194,438.0114530321759,2021-07-11 07:41:49
89,335,944.1797609659229,2021-09-26 11:06:10
60,203,425.53004375686106,2021-11-20 16:04:34
14,392,642.1406881874447,2022-02-05 04:25:01
9,26,403.6184539831663,2021-09-30 09:06:06
90,435,281.47305032518335,2021-03-08 21:21:17
53,173,984.1378714802299,2022-05-29 00:19:06
2,300,415.2406662518926,2021-02-03 11:26:11
84,133,895.1582116423431,2021-04-29 01:35:44
92,326,237.6550598321753,2022-06-20 14:41:28
60,410,220.97365698483247,2021-10-02 20:30:15
71,118,40.82274205566625,2022-07-29 03:42:05
44,324,655.1501571221262,2022-08-11 21:37:29
8,275,374.84108028652355,2022-10-15 02:52:21
47,212,865.7146673412407,2022-12-18 10:35:02
35,225,478.47780762464157,2021-05-02 23:41:09
78,20,968.5114936355745,2022-12-27 08:32:47
81,113,193.67026054608993,2021-08-15 20:15:52
36,140,869.9369362760547,2022-06-30 05:36:18
50,47,778.8308842638243,2021-07-20 03:35:09
4,1,773.2126261976115,2021-08-13 16:45:38
2,90,846.3353958357188,2022-11-05 00:42:42
6,142,763.4137510335689,2021-07-16 22:43:53
54,320,629.9581184151012,2022-08-11 08:17:22
4,38,139.9324289055637,2022-02-04 06:16:40
54,293,42.200917696339395,2022-07-18 12:16:27
93,382,921.63936933753,2021-04-29 09:18:11
63,139,620.4838113755306,2022-10-11 15:41:32
18,356,798.5719180664146,2022-04-27 11:04:38
90,333,486.70712799742455,2022-08-19 00:09:49
44,491,126.13510707277054,2022-01-29 18:06:54
34,259,133.93393428052494,2022-09-04 22:10:16
74,161,688.7096343566817,2022-01-27 12:32:58
62,390,436.00283595046807,2021-06-10 23:12:59
14,178,208.51947943333334,2021-03-05 02:46:14
95,10,496.6786012740225,2021-03-12 21:09:12
48,261,73.56684770438275,2021-01-14 11:33:15
15,407,586.1516878952548,2022-05-17 12:46:10
72,138,276.30347039074667,2022-10-28 01:34:38
78,172,799.5835096308163,2022-09-06 12:49:55
87,386,317.258339334338,2021-06-09 08:10:53
62,13,460.6679475909832,2021-01-28 21:16:21
40,168,21.50433450901963,2022-06-25 11:04:20
85,130,81.7224189166133,2022-04-15 16:28:44
80,84,398.568620842618,2021-10-18 08:30:27
82,321,485.1394463699523,2021-05-19 10:00:07
53,319,604.0203426381107,2022-10-24 22:21:04
24,101,298.7459529222102,2022-01-09 18:19:09
26,329,698.0320672652771,2022-09-09 14:35:43
89,273,861.5211732173125,2021-08-21 04:27:12
60,265,782.0524790044163,2021-01-01 21:26:15
41,459,49.222637094873576,2021-05-09 04:12:35
29,399,485.70187778525064,2021-08-07 05:47:04
15,408,113.88087663399313,2022-08-22 06:05:01
45,38,249.6245657039022,2021-08-18 00:56:42
65,419,986.795967334475,2022-08-07 15:24:36
89,94,151.0705874724981,2021-01-19 00:50:42
71,95,503.8992719168425,2022-01-13 20:56:08
9,305,621.9741769749379,2021-06-01 07:46:02
88,69,705.440320838663,2022-07-26 11:26:05
1,318,564.0521966520449,2022-03-15 08:31:25
8,444,19.673138944991823,2021-09-09 10:47:04
88,236,333.196695161552,2021-03-05 00:35:15
63,434,522.5345269508643,2021-04-09 23:40:42
11,334,96.98783415338502,2022-09-02 22:40:03
81,373,357.12066189708895,2021-04-22 07:46:35
8,376,42.8710777034529,2022-02-28 05:26:31
35,459,87.79271218347054,2021-04-23 10:22:57
35,137,402.9540434395801,2022-07-29 09:16:24
33,418,141.38859650262975,2021-04-24 11:43:56
5,76,571.8654397789426,2022-09-03 11:36:53
41,483,692.5703194458931,2021-03-25 09:19:36
28,35,802.580832117992,2021-08-20 07:40:39
7,1,208.148741802362,2022-10-31 20:39:26
73,296,175.80775643647905,2021-02-28 11:14:06
72,320,113.52216193105625,2021-02-11 23:07:34
12,406,640.0659470482003,2021-01-04 07:21:51
34,60,709.4109692220321,2021-09-13 06:29:48
33,320,41.27028337738562,2022-05-14 10:53:49
48,349,936.8501237812529,2022-10-25 13:15:28
23,328,61.451570814957684,2021-07-20 20:18:55
62,267,545.8833719480598,2021-06-20 00:32:29
88,361,711.9699142564073,2021-12-30 06:17:47
37,229,872.2594325086247,2021-08-21 17:38:42
99,270,716.9460628111035,2021-04-17 23:02:34
44,316,803.7108022390939,2022-07-04 22:05:51
86,286,346.055690617378,2022-01-29 06:00:13
91,291,816.6768626090471,2022-08-17 20:14:41
35,213,89.31369792082839,2022-06-24 07:46:28
65,165,895.8684894999224,2021-10-17 08:21:18
99,5,552.1164523921989,2021-05-09 00:11:00
47,339,819.1247922628688,2021-02-26 17:09:24
78,379,457.79510167311713,2021-04-25 16:39:11
3,78,647.1419182445597,2021-06-11 11:37:55
1,410,531.138634326752,2021-03-15 08:05:56
5,62,734.2736265377786,2021-09-17 21:50:58
90,132,90.81368221028369,2021-07-18 19:44:43
14,89,69.74856315065816,2021-10-04 06:56:32
27,237,254.632201670045,2021-06-08 14:43:00
9,42,167.94923331205646,2021-01-06 07:59:56
79,89,873.0657309262797,2022-04-23 22:50:48
15,402,227.02184748446388,2021-06-17 20:42:36
90,296,976.10660326094,2021-03-11 09:06:16
42,328,343.5268338533958,2022-10-06 18:15:31
77,295,190.2967365318123,2022-04-02 03:59:30
51,104,791.8015220710544,2021-02-27 18:05:04
63,14,662.1206977458673,2021-04-19 17:03:29
96,288,503.2137592886076,2021-07-17 19:00:39
52,179,559.809915428255,2021-05-15 04:36:47
96,125,722.0097604895412,2022-04-06 22:20:48
4,422,236.17019391798573,2022-04-19 02:10:15
94,353,996.3705768961745,2021-04-01 12:57:16
23,23,975.0452305253153,2021-12-12 12:13:10
15,63,653.8224294834675,2022-03-02 03:25:34
43,143,207.5470264198537,2021-07-22 22:05:27
29,481,683.4259600069784,2021-08-10 00:58:51
36,153,81.47642488938409,2021-08-09 01:07:01
13,145,40.345977183748005,2022-09-25 08:41:47
32,225,265.10605962610157,2022-07-17 03:14:53
71,495,467.99672717192317,2022-02-15 08:11:26
59,450,869.5897803542967,2022-09-15 13:26:38
86,462,729.8973790686449,2022-02-11 07:16:56
28,309,745.2794559879812,2022-09-23 20:35:30
66,104,431.2384011035946,2021-04-05 08:45:13
42,104,352.4756426214933,2022-03-03 05:59:15
45,435,377.32837535475664,2021-10-20 07:08:12
62,39,987.7730680986973,2022-12-14 10:38:13
57,435,49.708099498357655,2022-10-26 02:43:51
6,198,868.3611811612241,2022-06-12 08:13:08
28,134,582.8886544866695,2021-11-10 13:12:18
28,67,444.22926499769454,2022-01-21 01:28:05
44,391,728.0050838109852,2022-11-06 16:13:07
84,179,491.80225201045585,2022-01-11 10:12:08
30,456,874.689005700844,2022-12-28 01:06:58
62,42,901.6948453711459,2021-06-02 00:53:23
75,448,427.50371760472086,2021-08-15 05:59:18
92,15,284.0595192627011,2022-09-07 14:33:42
89,111,596.4268253074287,2021-11-29 17:35:23
62,157,913.239712160524,2022-06-05 16:55:55
97,289,218.5555671156099,2022-04-18 19:27:17
1,478,626.736917727848,2021-10-01 10:09:15
27,231,635.2446178915953,2021-06-13 15:35:08
62,411,735.7818921911281,2021-04-11 05:25:22
77,420,140.2520082759872,2022-07-31 14:27:33
3,157,718.6667150352677,2022-09-23 02:37:31
70,38,909.9421954589845,2022-10-10 18:38:57
72,441,187.88627778153955,2021-10-23 11:11:19
27,97,245.16789167463887,2021-12-10 01:17:21
9,485,971.6811431012231,2021-07-26 03:43:22
62,411,189.16718318239487,2022-04-04 06:35:34
37,439,855.8412424358834,2021-11-08 11:41:52
97,289,497.35507788355443,2021-06-15 17:32:55
51,254,254.75876365914527,2022-03-29 13:32:06
44,196,872.0424022597863,2021-02-05 21:16:21
24,86,450.85220245263883,2022-02-24 04:01:09
79,322,519.6691803903933,2021-02-12 12:04:37
59,10,365.64103570576805,2021-08-07 07:22:00
32,5,597.0213429205781,2021-05-26 04:55:45
96,123,171.88863385917253,2021-05-04 04:29:04
88,330,397.1707212852431,2022-02-28 07:56:44
52,353,969.7181991119346,2021-07-06 01:59:39
62,118,265.55209837411627,2022-05-29 02:14:29
58,294,660.1692978958793,2022-12-17 18:22:17
52,397,331.93816358244794,2021-02-26 04:20:42
12,159,775.7383944297346,2021-08-11 18:49:54
39,303,139.56492411116633,2022-07-11 05:22:03
2,228,970.1228346277593,2021-02-14 07:55:21
3,365,459.25164596980284,2021-05-19 07:52:32
56,216,243.68995871299933,2022-10-07 12:12:40
81,436,82.76177985671254,2021-06-10 04:00:28
59,184,178.06032603666534,2021-07-29 20:15:40
2,15,524.5762090704575,2022-10-23 16:50:56
2,157,343.63314466697346,2022-10-16 10:13:54
92,136,830.5945322237834,2022-03-04 09:28:07
54,261,436.57864842518785,2021-02-19 09:36:13
87,157,256.2271298617536,2021-03-11 20:18:42
96,47,620.9735367379898,2022-05-11 12:27:27
97,324,709.7094447165914,2021-10-03 07:35:47
1,332,175.37148882194037,2021-07-12 06:12:07
19,173,175.94302412543448,2022-09-26 10:19:28
2,130,46.30471266420754,2021-02-17 02:33:48
53,411,739.0379949149841,2021-10-14 04:57:32
44,95,667.166482345587,2021-10-01 16:40:05
90,115,479.88456699231574,2022-06-01 06:58:56
32,243,845.7287444795052,2022-01-16 23:33:01
70,420,807.6134514205527,2021-05-11 07:59:44
32,292,589.5008207527846,2021-01-16 20:21:17
68,282,869.5885677081261,2021-09-16 02:23:03
55,299,213.78279793640056,2021-09-29 23:35:06
75,283,120.8004232037506,2021-01-09 16:19:31
56,69,277.0521154018197,2022-12-11 15:38:35
17,148,66.5159875284217,2021-07-01 20:11:12
38,11,535.8578327210217,2022-06-18 16:07:53
24,254,937.2396353720119,2022-04-29 12:42:14
69,330,48.95010526182455,2021-10-11 21:06:28
98,360,130.88881486992653,2021-02-21 14:57:56
70,38,457.67703800060093,2022-04-20 15:58:40
86,134,934.5362673526258,2022-09-22 17:11:25
11,200,322.994543926983,2021-11-03 19:18:01
16,23,512.1624606015084,2022-09-01 09:29:14
97,303,51.15713045988818,2022-10-16 01:58:13
73,346,156.85976895246796,2022-05-07 01:46:37
59,302,986.7638217292584,2022-08-30 07:40:24
70,363,965.467509471685,2021-11-14 15:36:40
80,396,14.89058112506552,2021-07-27 21:32:07
93,218,952.2936675690066,2022-03-22 18:57:40
3,141,642.7287384373453,2021-06-14 15:43:44
20,104,869.2391115748219,2022-01-18 08:19:52
59,446,460.1924570775205,2021-10-11 16:19:28
36,210,520.4400682934577,2021-08-10 21:02:15
19,473,493.958114454351,2021-01-18 08:55:48
90,481,670.1956149706433,2021-03-15 05:31:30
67,111,148.25474220874978,2021-08-30 17:24:10
19,104,39.67385397395117,2022-01-04 10:47:02
20,316,314.850642175279,2022-09-03 10:04:38
96,171,707.6339551092802,2022-11-30 02:12:54
71,460,209.83491760171887,2022-04-01 22:07:08
52,492,676.6981089916682,2021-06-26 05:35:59
33,356,970.2129256461977,2022-11-08 05:41:01
40,496,102.9617086315242,2022-02-24 15:30:26
39,324,675.876097042875,2022-10-14 01:21:14
82,133,449.31271711152544,2021-11-19 13:49:00
1,376,869.4608318337303,2022-01-11 09:31:42
11,293,185.37829155291206,2022-03-29 16:30:37
92,328,695.6996927039029,2022-03-22 02:27:56
57,127,839.7341367516291,2021-07-16 09:48:48
89,106,945.168077279283,2022-07-07 07:06:58
50,497,686.4155480067493,2021-08-26 04:06:35
23,92,502.203016368343,2021-12-27 19:47:19
31,287,621.6687677992018,2021-03-09 15:44:07
94,378,870.215934633931,2022-06-27 05:19:48
42,393,574.9036491724414,2022-02-11 07:04:12
99,51,40.08318909986849,2022-12-05 15:49:31
7,29,931.639208551908,2021-05-16 20:25:32
16,462,692.6314835212455,2022-09-14 06:21:35
90,296,679.748251919474,2022-07-16 05:57:00
60,297,223.51840087374,2021-04-07 05:08:54
2,214,662.2966155303307,2021-02-15 03:26:19
1,267,399.9257615976169,2022-03-09 09:27:21
48,407,654.7206472710772,2021-05-12 09:45:40
12,257,115.52710000491082,2021-03-19 19:14:15
69,302,661.2668515570057,2021-06-24 06:13:44
37,101,999.4195885129599,2022-07-21 18:22:18
32,405,57.72991847195047,2021-04-15 13:59:09
9,346,977.4024423791042,2021-07-31 18:49:58
99,110,412.8388811156419,2022-12-20 04:05:49
19,420,872.0459158338865,2022-01-14 03:45:48
48,182,784.5616292176908,2021-03-14 16:54:06
80,471,571.3460983768011,2022-09-21 19:41:10
3,313,741.0647171588132,2022-04-08 17:45:20
20,1,879.7304056883344,2022-05-15 08:41:18
24,319,410.09891843452266,2022-08-31 14:16:51
54,438,333.7628299476063,2021-11-29 18:31:45
33,55,670.9174517079489,2021-09-12 03:36:33
24,371,809.767482521846,2022-03-26 11:38:43
75,424,764.6622834288496,2022-03-16 09:11:57
72,399,799.8355123700481,2021-06-22 23:39:12
36,149,441.2274816648037,2021-06-04 16:10:38
38,431,819.6558740132714,2021-11-15 20:48:35
84,457,129.00696481690235,2022-04-27 02:20:01
99,309,549.044206981241,2022-12-05 21:17:24
89,137,15.701073893140354,2022-08-03 02:59:30
99,202,331.33997160126756,2021-05-08 19:56:30
25,436,372.7969195226839,2022-09-24 05:03:23
93,313,402.21096469316285,2021-05-15 15:32:55
18,117,698.5125346229636,2021-02-28 13:27:47
82,154,394.6725202576423,2022-04-28 00:06:08
66,425,454.2066863963054,2022-02-27 22:02:08
54,291,245.1686895655842,2022-11-08 19:00:27
35,63,379.5192737130467,2021-04-13 03:43:53
80,244,234.99693099051996,2022-03-03 13:38:58
61,25,82.4639645307592,2022-07-02 20:54:38
41,90,607.4141074475641,2021-07-30 01:28:06
33,75,671.5306705694661,2021-11-16 09:42:25
68,294,623.2954425495184,2022-09-05 13:29:34
33,386,468.85910336256666,2021-09-29 23:22:04
14,391,385.98792237743754,2021-12-04 18:41:44
21,210,864.700313076107,2021-10-17 13:36:09
48,475,523.8909672848558,2021-05-07 12:17:05
20,418,484.3900588534337,2022-10-11 04:12:34
8,347,35.38564514837133,2021-09-03 16:31:08
7,17,347.8353493498948,2022-05-19 14:58:17
67,128,386.3936625979985,2021-04-18 01:21:17
17,427,404.83455308793145,2022-07-06 14:06:09
33,443,584.370645535059,2022-11-21 13:08:02
48,364,538.2665212596097,2021-12-16 19:24:37
76,251,611.8260418655102,2021-11-13 06:52:56
59,179,767.234428926707,2021-06-08 23:55:36
86,182,814.8558813289326,2022-11-12 20:37:58
22,152,720.9418454642295,2022-12-14 00:43:07
30,25,955.9684589953854,2021-09-17 15:20:51
38,455,28.050256849598014,2022-10-03 02:58:13
51,180,203.82020582671063,2022-07-10 22:20:10
54,198,17.4872462283607,2021-11-25 09:33:40
8,344,650.999967013057,2022-08-11 23:42:57
27,161,899.0502434604871,2022-12-16 03:56:12
27,177,251.0474736105363,2021-07-16 01:11:01
98,285,927.7641993483436,2021-02-14 09:04:02
21,63,69.66471638666525,2021-05-16 02:03:59
30,491,935.0916665374591,2021-12-09 09:58:53
97,150,358.10646036723807,2021-03-17 04:01:43
28,154,110.40662016472434,2022-01-09 10:54:57
64,156,491.0130415944624,2022-08-05 22:31:44
97,370,264.20880204330285,2022-01-02 23:30:48
69,469,292.0241729423036,2021-01-08 22:00:29
61,49,314.2170652770237,2021-03-03 18:35:55
48,455,804.9956388543368,2022-11-17 12:57:06
19,337,543.7696639085019,2022-07-19 08:44:26
4,84,318.1946221644436,2021-03-22 19:17:20
35,361,614.2304454778092,2021-11-08 13:16:38
64,177,718.9891674809617,2022-03-11 15:42:06
49,148,279.89776072619844,2022-09-13 20:02:33
17,118,419.413610510098,2021-07-13 02:33:08
44,342,130.66723240357808,2022-11-09 11:11:16
92,476,189.3378560393335,2022-07-09 03:38:37
30,63,684.306675425333,2022-08-08 23:03:12
93,189,189.62396421867066,2022-10-05 13:45:34
46,360,529.9117498303896,2022-11-02 05:35:20
6,49,711.9557991052084,2022-06-03 03:42:14
99,327,115.80815386379639,2021-07-29 22:28:39
37,257,571.6390974326146,2022-08-03 22:51:36
24,224,263.99715586435013,2021-08-31 19:29:41
93,141,963.297606485204,2021-04-03 04:20:43
46,478,488.71019025272545,2022-09-09 00:55:48
53,215,807.9326242774065,2021-09-06 04:40:21
95,435,554.7242767346992,2022-02-07 05:13:14
99,379,52.97840752627097,2022-02-05 11:16:33
60,440,636.8198618380821,2022-10-22 19:08:19
97,211,951.8893087845904,2021-02-24 06:21:22
63,318,605.5957019448679,2022-04-30 23:34:14
85,32,820.9969708325223,2022-07-15 22:46:32
32,158,885.3643987149237,2022-04-15 04:33:56
87,285,235.79897422944316,2021-04-28 16:31:33
33,305,219.92439150914439,2022-01-20 12:24:25
67,429,614.8711789624818,2022-08-28 12:05:49
18,477,416.91818510863766,2022-03-20 09:24:11
25,286,841.4626898380532,2022-01-10 06:34:19
95,144,901.0228921640311,2021-03-16 19:56:17
54,424,359.88716550969093,2022-04-05 07:17:51
58,19,244.50185338473725,2022-05-09 05:50:58
67,18,782.7202600914233,2022-09-20 12:14:58
46,257,282.05797519265474,2022-11-18 14:45:47
24,78,824.3881753285416,2021-02-26 17:40:59
32,371,429.5008711122752,2022-06-01 06:03:58
47,175,670.8744002985558,2022-04-10 20:12:24
86,498,104.57996069632149,2022-03-29 20:55:26
23,194,627.6207314298073,2021-09-12 16:43:02
66,476,457.2500019498568,2021-11-13 11:54:15
27,113,590.7423785437194,2022-12-30 08:33:14
2,114,176.3340656674148,2021-07-22 12:10:23
90,222,739.5050074947403,2022-09-04 22:03:11
17,166,864.1691067677963,2022-08-10 10:52:41
33,435,224.5724020898679,2022-06-15 18:33:30
9,319,104.7574099649601,2021-12-31 02:04:40
43,132,33.40220018587303,2022-08-10 08:21:09
48,385,645.5517854388333,2021-05-03 07:55:15
39,264,611.023095727893,2021-04-27 18:44:11
93,413,551.2304385869293,2021-02-14 23:43:28
42,55,239.62762515481566,2022-05-22 10:16:55
26,359,396.99693594645953,2022-08-04 16:26:09
99,131,598.5315718343113,2022-06-12 10:28:07
50,288,501.7991902705777,2022-04-12 04:48:27
25,266,987.9076650127384,2022-03-07 05:01:24
24,458,145.0753550311658,2021-09-12 07:02:30
13,467,698.1931085071178,2021-04-08 21:16:51
60,366,410.2755804232492,2022-11-04 12:03:48
7,162,433.9176187763586,2022-08-15 21:23:12
57,380,720.4217880015945,2021-04-16 18:09:04
36,481,695.5117898111259,2022-03-31 13:44:14
45,87,991.3434337651664,2022-11-19 17:29:55
20,55,137.11034655958397,2022-08-02 19:37:54
65,476,113.06855289032467,2022-05-04 07:00:44
8,288,727.0954289574537,2021-03-22 06:01:45
16,178,582.603047836345,2021-09-16 08:43:39
14,391,281.4190598942078,2021-07-14 09:08:33
76,349,88.62517529909674,2022-08-15 16:01:31
87,8,94.80166710046623,2021-11-30 13:48:18
15,321,895.2489659174771,2022-09-13 08:13:30
92,313,199.94865147155548,2022-06-25 13:47:26
98,247,330.13784649436553,2022-04-03 22:12:46
66,323,234.38983820471813,2022-06-05 11:30:34
32,472,361.4463427736179,2021-06-17 23:10:53
87,471,78.72960431863244,2021-04-22 07:02:34
63,443,523.8691929991877,2022-12-14 23:16:00
86,255,76.93643795629275,2022-01-09 07:40:32
51,328,802.352942744138,2021-09-18 18:17:09
25,54,241.3749610913287,2021-06-18 11:49:19
58,249,544.6117954584655,2022-08-21 23:27:00
63,239,881.2782966858437,2021-09-17 10:10:41
62,229,654.3685953567223,2022-11-07 23:28:47
22,67,537.628208685822,2021-04-15 05:14:31
58,51,331.09041558422183,2021-07-01 23:42:03
58,97,339.67189392761594,2022-09-29 23:01:57
86,92,672.7920856462082,2021-02-13 13:50:56
49,495,994.1979676089559,2022-07-27 02:59:42
52,264,665.2207979508848,2021-02-08 11:41:55
42,418,562.2055831963247,2022-07-07 06:25:52
70,291,733.3440051368536,2021-06-12 19:32:01
15,96,470.553556160881,2021-03-02 09:11:32
54,88,69.54091917477737,2022-04-30 00:23:57
60,78,566.6738477191307,2022-08-16 03:13:59
97,288,958.0490316603264,2022-03-09 14:01:59
8,120,183.54991293408304,2021-09-29 04:12:42
53,302,693.104841912459,2021-02-02 22:37:54
60,491,208.9243517724659,2022-06-26 11:08:58
5,400,540.4694076283505,2022-06-21 07:50:04
68,452,105.70968515025243,2022-04-03 16:02:11
6,165,455.86722689560327,2021-10-04 00:02:33
96,182,758.6016956062936,2022-01-21 01:21:30
94,469,354.09580899659227,2021-10-13 06:58:53
47,398,668.2626072423459,2021-07-07 00:38:02
99,223,797.4954611818318,2022-10-08 13:48:47
55,311,927.9060412846582,2022-01-28 17:20:26
40,432,242.29566103689902,2021-07-07 15:40:25
52,466,405.32275665121506,2021-08-28 01:41:06
16,7,160.89185319711325,2022-01-20 02:47:13
13,330,992.5586671367914,2021-02-05 02:35:49
30,263,927.7309582450523,2021-11-05 21:08:10
19,161,544.557558977754,2021-11-16 23:27:56
17,151,843.612961432657,2021-09-26 08:04:30
63,85,525.7483974993218,2021-06-22 19:16:04
19,147,627.3498311227321,2022-02-02 10:08:29
92,112,98.23318779485645,2021-09-08 22:14:01
58,381,757.7177162918398,2022-04-16 04:02:44
55,403,136.43634879888248,2022-01-01 15:08:41
90,36,827.806953950003,2021-12-03 05:43:24
90,285,784.207806793682,2022-07-02 21:44:04
62,188,711.6572507655467,2021-05-19 21:10:01
23,82,45.79877671951449,2021-03-14 21:51:32
9,2,310.0970723858753,2021-09-19 07:09:22
12,385,270.4814442117344,2022-10-29 07:12:22
1,303,366.5350433968039,2021-11-26 11:09:57
58,197,96.76631929620015,2022-04-02 23:31:15
1,404,937.5882448007521,2022-06-06 02:40:17
34,11,558.2642183052525,2022-12-08 06:02:35
96,234,312.4690675514433,2022-12-04 11:04:40
48,386,403.0117019035406,2022-05-16 21:58:52
89,195,452.7305150997873,2021-12-22 16:46:04
1,471,604.5883900270111,2022-10-15 13:31:38
16,119,520.5226334195328,2022-02-03 04:53:02
61,396,920.1980534822732,2022-06-29 18:57:01
64,20,501.99384807677194,2022-12-21 21:34:43
63,261,992.2364346750795,2022-06-07 13:11:08
69,293,852.9107081676448,2021-04-10 00:44:15
22,422,216.42540921376246,2022-09-02 13:15:27
93,256,931.2892624974771,2022-01-29 09:38:29
67,222,125.20273390662133,2022-05-20 22:29:23
76,393,819.2752114062797,2022-07-19 15:48:20
26,226,386.81706054181427,2022-11-04 02:02:12
16,53,879.1945772406189,2022-03-30 18:39:36
51,428,869.3761232063758,2021-12-06 20:14:40
86,355,807.866146116445,2021-02-20 02:01:48
57,342,792.1301319439908,2022-06-04 17:04:33
29,364,311.6323477070604,2022-08-24 20:17:48
78,280,90.11009022073965,2022-08-15 15:25:09
92,81,408.95037697750985,2022-09-15 23:45:56
69,202,181.7892698366436,2021-10-02 15:32:10
47,158,698.0015780134371,2022-06-03 04:34:30
94,120,352.63872927240766,2021-05-27 05:10:10
62,59,975.8540988513157,2022-09-11 04:18:10
69,494,644.5623565718787,2021-09-29 07:56:25
76,215,824.2557579980173,2022-12-13 14:25:37
16,128,141.19942601442995,2022-04-10 00:58:07
90,224,863.3943374498963,2021-10-20 17:31:24
90,209,923.5296186082604,2021-12-21 03:04:18
48,370,492.1912996307465,2021-09-21 06:17:29
85,115,610.1904083734677,2022-06-20 12:11:28
39,209,767.1617028939655,2022-01-06 03:51:48
33,14,183.09024098780841,2022-12-13 23:58:37
94,9,507.540415698808,2021-10-02 00:27:42
23,40,404.67639749459,2021-08-18 19:05:15
10,450,154.91025224062662,2021-02-02 22:03:00
69,237,373.8590780686161,2022-10-23 18:25:47
34,281,77.49058629163864,2021-05-08 10:23:06
52,359,35.553787879992115,2022-06-23 13:15:18
95,201,143.81462626327453,2022-11-06 22:46:27
10,246,963.4839604732821,2021-06-25 07:55:30
19,278,554.0342405360668,2022-03-23 23:55:44
58,235,966.1639395416878,2021-04-27 10:50:03
96,494,438.17289954683065,2021-08-30 13:31:42
1,4,318.697971754407,2022-12-07 17:19:19
69,154,511.08044421184167,2021-11-22 06:59:46
4,442,445.11657174658103,2022-05-07 22:58:20
16,29,114.60803741912648,2021-03-03 08:35:58
24,109,644.4180515433042,2021-07-31 14:42:41
80,98,223.8778006845036,2021-08-13 19:56:58
2,215,623.3920753488513,2021-07-27 23:42:27
92,293,653.6990814741719,2022-07-09 11:00:02
32,75,160.50460459736163,2021-02-26 14:04:44
91,326,70.73613083956147,2022-04-16 22:11:28
84,146,782.9539702077554,2021-01-11 02:05:22
24,128,465.20241953162696,2021-09-22 04:45:47
12,341,67.58215755042103,2021-06-29 16:07:45
50,42,994.9176539980695,2022-11-29 11:35:03
35,356,67.20275538640297,2022-10-25 07:05:57
33,41,698.0848765699676,2021-12-08 21:00:40
33,422,983.8421360107794,2022-07-15 07:17:43
61,34,246.78830317376637,2022-07-16 00:06:17
51,17,150.8268750003242,2022-02-18 14:45:38
43,165,130.17109002820462,2022-11-18 14:28:52
12,153,310.2423960919196,2022-08-23 21:43:02
67,486,110.03535290054022,2021-08-13 07:55:00
65,378,695.2397282771906,2022-01-01 19:48:23
33,76,71.66888014876207,2022-02-13 02:21:15
40,87,514.3279068682918,2022-03-14 20:05:24
74,117,996.7298853144471,2021-12-04 19:59:12
43,362,815.8305668109587,2022-01-21 17:41:56
44,342,619.0672438487007,2022-08-09 07:37:07
29,469,313.1910845787456,2021-02-04 10:33:25
13,27,627.6568779287221,2022-03-24 09:06:26
12,313,531.7710492725352,2022-01-02 11:35:26
95,287,431.8225500514678,2022-06-27 00:47:59
46,134,139.40327297279748,2021-06-09 07:15:00
2,219,887.738173088062,2021-09-24 23:21:05
35,168,455.2868023331093,2021-06-18 16:17:14
87,98,202.6762867025574,2022-04-28 17:21:57
81,268,374.0817573685167,2021-04-17 05:05:48
90,237,419.98845500363774,2021-09-23 12:33:50
8,309,829.2625166112056,2022-06-11 15:19:39
93,455,736.278236755788,2021-12-01 15:04:21
26,394,771.6118447049264,2021-10-08 23:30:28
74,173,20.920951784360742,2022-07-25 22:11:01
90,401,421.9924581979639,2022-04-06 07:21:46
34,410,486.5307101189704,2021-05-02 15:57:26
7,469,29.00035405482612,2022-06-25 03:41:56
68,476,267.2150766575839,2022-10-07 06:40:16
58,190,762.6869248909137,2022-03-18 11:19:19
75,122,145.73860867170907,2022-05-20 04:33:23
29,46,539.9570301380658,2022-11-10 21:31:20
36,64,223.04985329706514,2021-04-14 22:09:49
89,130,21.99956689745434,2021-06-09 15:10:49
21,310,248.78944302354606,2021-11-22 05:00:59
36,363,976.1150173609533,2021-02-12 15:18:29
10,193,803.5217407641597,2022-02-11 04:20:32
73,307,959.9808778778231,2022-08-01 05:49:38
24,181,492.9755034870988,2022-04-20 18:18:58
64,292,118.63883669072847,2022-10-04 09:10:49
99,371,552.479894083956,2022-09-01 07:45:51
49,282,459.8335612143613,2022-12-30 14:59:55
99,29,845.9135119122197,2021-08-18 17:19:47
36,149,107.10175497640215,2021-07-27 10:01:03
82,267,493.3587256515604,2022-01-11 14:46:29
96,296,158.54817804704442,2022-06-12 06:04:46
24,11,331.42916762115937,2021-10-05 00:13:42
23,164,739.9835066139217,2021-01-17 09:35:53
62,113,481.25794807507884,2021-12-17 02:50:11
96,187,382.12940229431166,2021-08-14 08:44:21
37,295,400.53151578433494,2021-12-05 23:33:30
12,232,464.8523007219268,2021-01-05 21:01:20
55,227,787.1663783986863,2021-01-11 12:34:05
13,310,893.163842050832,2022-08-10 11:47:35
23,98,955.781339638889,2021-07-05 02:33:58
89,55,789.0343523927421,2022-07-28 16:21:34
99,111,322.2528267905326,2022-08-20 18:53:14
30,152,691.2533590256767,2022-07-15 12:08:42
17,246,443.227092814838,2022-09-13 14:50:39
62,406,262.12391582559064,2022-01-31 05:17:44
84,69,842.4628636316634,2021-05-24 19:35:14
89,312,48.04208547270175,2021-12-13 07:18:40
86,289,902.7443722140692,2021-11-05 07:26:42
13,250,466.8626899784868,2021-07-10 06:27:00
59,36,640.8294620401977,2022-08-19 23:50:37
19,239,662.7603829837249,2021-05-22 21:17:14
49,148,896.166563299471,2021-03-08 07:46:25
12,467,640.3029853455353,2021-10-24 01:35:23
61,227,617.7942489124612,2022-02-20 22:11:58
19,244,75.98552015508307,2022-12-24 04:20:14
76,491,523.2239417257521,2022-10-23 05:45:18
9,337,158.66731080887124,2022-07-03 06:02:43
71,446,740.0594310342707,2022-04-28 21:39:18
28,365,517.0997016045478,2021-05-26 06:15:08
78,491,683.4255014162698,2022-01-20 10:17:06
95,482,51.256171596360424,2022-10-07 23:11:43
52,201,93.94409588534519,2022-08-07 23:51:26
83,154,719.1601541820554,2022-09-19 04:17:11
16,450,81.36349263868664,2022-05-23 15:21:23
69,73,80.544160487606,2021-06-07 11:23:24
99,201,21.987390482538576,2021-03-24 00:18:24
12,296,956.9363843164853,2021-06-10 00:14:40
25,17,740.1332758644169,2021-03-19 13:02:24
52,129,359.71889441704354,2021-05-03 13:06:39
85,217,303.5702254747787,2021-10-26 15:05:43
53,61,356.20619744839104,2022-02-25 18:51:17
23,427,776.90699586937,2021-10-28 15:01:22
16,104,664.7569049597103,2022-06-22 19:38:34
57,42,193.34361218879326,2022-06-03 14:26:20
39,25,182.3682419807435,2021-05-19 08:17:50
53,39,107.41169321626334,2021-03-21 03:56:29
42,291,663.6996925043247,2021-04-10 04:42:36
58,131,766.7289355995185,2021-08-13 01:47:10
39,498,272.395964041754,2021-06-23 13:02:07
14,229,30.735511420603682,2022-09-19 04:05:05
95,108,91.34995080166307,2022-02-07 07:53:03
5,172,968.1814344965802,2022-01-02 23:32:37
35,435,302.4903297026461,2021-01-12 00:54:52
87,478,771.5309163597523,2021-07-16 16:49:46
93,102,628.4169331657212,2022-09-22 23:52:34
75,354,388.12024325636696,2021-09-08 03:55:33
18,12,213.63038957359956,2022-07-31 16:44:57
76,275,130.17255397781236,2022-04-15 00:32:41
9,101,618.8628383584779,2022-01-11 00:28:47
74,44,776.8874428314101,2021-05-06 07:10:53
58,443,647.4652110057194,2021-07-11 03:35:48
17,305,534.9991119166667,2021-12-29 18:36:59
7,445,51.5317111973199,2022-01-11 22:03:45
46,17,968.80388981844,2021-09-20 14:03:20
13,330,800.7270497380289,2022-10-15 22:30:47
40,57,299.8938163339551,2022-12-12 21:58:58
42,311,980.1706260652621,2022-01-12 19:15:03
9,497,605.8627737399589,2022-10-06 21:39:41
50,303,586.598431625174,2021-08-03 21:33:44
27,12,750.5924476352368,2022-08-27 16:22:53
66,318,813.6520902092362,2022-03-17 14:18:22
5,80,659.9138212581876,2021-11-03 18:19:14
29,216,136.81478890253803,2022-10-31 09:32:02
37,339,344.8848309345534,2022-10-16 17:46:25
38,264,928.8028039227893,2021-09-03 21:09:27
83,479,232.36945572541342,2022-05-26 16:55:53
8,149,378.4453535991382,2021-01-18 02:46:08
65,81,437.75611411475404,2022-08-04 23:19:03
86,215,445.01093979750766,2022-10-27 14:18:46
17,485,616.8101866695803,2021-04-26 04:57:01
71,374,943.6450793672606,2022-12-13 14:47:34
89,464,248.2857847141799,2022-10-04 20:32:02
45,198,130.28636253790887,2021-06-23 17:07:12
4,200,205.49578496133793,2022-11-10 21:54:43
36,25,888.0556512071768,2021-10-27 05:39:36
70,466,649.3527045286539,2022-01-29 00:36:52
31,89,293.0477213467685,2021-10-31 06:56:00
19,268,817.7874695789311,2021-11-21 14:02:54
61,143,862.7562963998016,2021-04-21 14:52:20
54,59,848.0491953033752,2021-10-09 15:34:36
39,410,919.7372683031589,2021-06-20 09:39:51
91,489,259.718609971628,2021-06-13 22:24:04
74,365,757.4915094588155,2022-04-14 14:24:59
90,26,465.9341023013986,2021-04-24 20:41:35
19,47,843.5785673611609,2022-09-04 20:12:56
39,288,731.205770389997,2021-01-25 09:42:22
67,266,778.6829720347274,2022-04-14 11:35:28
45,16,659.6002193042608,2021-04-18 22:37:23
13,199,185.6544817750098,2022-09-16 01:57:54
92,401,549.576649707969,2021-07-30 05:31:45
58,407,984.8230421292632,2022-06-14 14:52:46
20,282,938.0141858321477,2022-06-05 22:47:03
92,469,52.74199843904155,2022-02-26 07:17:42
72,86,173.16666757214276,2021-06-11 16:44:56
61,250,140.4114857200163,2021-08-07 16:47:29
39,391,728.7201108854425,2021-03-06 06:38:55
1,270,819.6074765583757,2021-02-12 13:50:21
3,335,221.3762526475652,2022-03-18 02:26:38
77,117,510.7941660223107,2021-06-24 11:24:21
92,7,842.295997731088,2022-04-06 10:24:10
62,137,735.4735293185881,2021-09-10 01:22:42
63,371,546.8148334369298,2021-04-23 02:43:19
25,176,594.4442135541851,2021-03-22 16:25:38
56,328,513.2769414471172,2021-12-19 10:29:33
33,498,304.57296680563235,2022-07-19 17:15:39
38,315,569.371772930426,2022-12-24 19:41:00
6,215,691.9964490295898,2022-05-22 10:47:08
58,477,874.5896867021996,2022-05-25 20:13:19
44,82,639.9284404394556,2022-05-03 23:30:41
45,223,763.5103216727264,2021-10-30 16:09:16
32,478,168.47091860502726,2021-04-09 22:25:00
45,372,466.94189967559197,2021-12-24 11:26:10
61,423,19.238303628822365,2021-12-12 13:34:50
47,483,254.2120758764068,2022-04-21 16:33:41
21,402,729.1970979618748,2021-05-14 18:06:07
80,443,991.8918518358698,2022-05-06 19:42:57
85,490,108.18631859134375,2022-12-15 22:37:27
75,103,407.4793727026754,2021-06-26 19:14:24
36,273,802.0702590121679,2021-02-01 00:46:46
99,14,211.99527828260986,2022-11-25 10:19:13
19,159,559.5340998092634,2022-10-22 10:24:41
20,152,735.7405830693781,2022-01-26 12:50:03
57,483,619.8255957575773,2021-07-16 22:13:35
18,108,196.14448726926196,2022-04-18 17:44:05
47,188,361.83072299888204,2021-06-16 13:55:07
49,301,785.9538666405432,2021-08-16 06:01:37
14,98,558.6842489906965,2022-06-02 01:52:01
15,131,15.17731740748361,2021-12-14 05:30:01
31,293,763.3808524278129,2022-09-01 20:46:04
1,171,44.958241390836676,2022-06-12 03:34:15
54,424,748.2764449039198,2022-11-29 22:57:50
3,474,210.45575456358503,2022-02-02 01:25:50
16,183,958.4927453181864,2022-11-09 18:22:51
87,471,374.26134378906363,2021-07-20 02:55:29
57,364,333.6623001746983,2022-06-15 22:57:06
75,39,157.39916982912024,2021-11-25 11:20:39
12,15,312.54817333531275,2022-07-14 23:46:30
74,376,877.8842542099186,2022-01-01 12:32:13
96,497,996.3709942509748,2022-08-05 20:07:19
16,4,374.6264352017798,2022-12-21 16:34:05
72,349,454.12452464499717,2021-01-27 23:50:14
76,470,724.8502288207097,2021-11-15 05:47:33
24,409,887.3338226604238,2022-03-24 04:17:32
28,397,597.1138908449163,2021-09-13 03:17:58
8,210,397.61044119605106,2022-01-18 02:55:48
92,161,418.4956224401375,2022-12-03 04:48:38
36,16,698.6619650318388,2021-12-28 20:10:40
90,493,13.186080968235895,2021-04-15 15:53:52
8,426,623.3934440852423,2021-01-27 01:06:37
58,108,361.9380803369438,2022-05-24 14:12:04
60,382,796.2553579643134,2021-05-01 06:11:24
50,450,102.06073342490083,2022-04-30 07:58:12
28,311,592.3202442789066,2022-07-26 19:42:10
92,227,486.16316098726253,2022-12-01 03:06:28
41,170,645.9022706461751,2022-05-06 17:04:18
64,34,74.20505853813866,2021-12-24 12:55:20
27,414,584.18394955385,2022-04-23 18:53:12
63,251,565.8697420799285,2022-11-05 08:37:41
17,247,565.0534934720092,2021-01-18 01:02:22
73,269,607.4527899304902,2022-11-10 23:54:56
33,141,679.7032578540986,2021-02-21 18:30:14
84,274,806.9391096839621,2021-06-03 07:17:42
77,416,277.1225129269322,2022-01-11 17:36:31
92,96,826.7989160782614,2022-08-13 01:17:49
29,227,503.2731254408191,2021-02-10 20:30:01
13,379,86.28769634298786,2022-01-20 17:55:21
46,39,67.96541995153942,2022-03-21 00:16:35
35,302,340.8959355091002,2022-01-22 20:42:29
6,29,787.0480073403529,2022-04-07 02:28:03
82,446,710.6041253935066,2022-08-25 00:55:47
69,497,790.7288150256824,2022-06-18 23:58:23
47,477,522.0963658771933,2022-06-14 14:04:33
25,318,445.7970079759356,2022-01-11 15:28:13
66,245,155.97800143922112,2022-05-15 11:23:29
10,236,334.91082607321846,2022-06-23 05:52:27
56,185,439.6791725121365,2021-01-14 20:11:25
30,272,97.71442538282106,2022-05-14 19:58:43
5,440,228.40583318409915,2021-11-11 02:55:48
33,236,602.2430411231014,2021-12-19 02:57:27
65,239,738.3064830967979,2022-03-10 11:30:22
18,377,998.3640362790202,2021-10-07 16:02:29
96,266,933.7821980301221,2021-02-09 05:14:05
49,414,646.1395475398397,2021-08-14 22:16:30
11,409,427.0355727611313,2022-06-10 20:52:19
85,359,639.8155910611504,2021-04-22 21:29:48
26,340,787.7951018994297,2022-06-09 00:43:38
63,389,127.15282901415344,2022-04-29 05:47:02
89,65,415.8058407993254,2021-04-05 16:55:35
86,478,841.404262779261,2021-10-15 13:02:09
59,177,389.99462241371356,2022-06-22 21:30:51
27,3,576.1535485149146,2022-09-05 10:50:30
49,429,591.8916672535762,2021-04-29 00:28:14
77,142,192.63149060230296,2021-05-31 07:52:45
33,376,368.6130872357655,2021-12-14 13:58:57
98,158,341.1661758545128,2022-03-15 20:38:41
99,498,35.93474144674414,2022-07-15 15:17:11
1,324,33.94984625244169,2021-08-15 13:32:17
21,146,833.3800732390157,2021-05-28 17:12:30
55,446,280.3401018730843,2022-01-06 16:35:22
6,293,522.8979785764272,2021-10-22 09:16:24
92,153,305.7383178528853,2022-12-11 09:03:07
81,432,941.2724526641871,2022-08-11 15:45:52
69,193,266.703791277116,2021-09-10 20:47:10
95,437,435.36024461154574,2022-03-24 07:20:24
5,494,874.0029479797558,2021-01-07 16:42:06
3,463,843.5142311238906,2021-03-18 12:43:28
53,73,194.24040366781455,2022-07-08 05:34:49
23,399,804.6168766977534,2021-03-29 19:41:16
53,305,463.60501787051373,2022-08-16 05:37:21
37,377,488.13918336450166,2022-06-09 04:09:03
74,344,142.14517269178435,2021-07-11 10:59:49
74,452,89.79549861955341,2021-09-11 14:36:00
83,140,730.6599139040276,2021-01-10 10:13:42
17,187,501.49654083174676,2021-09-13 14:04:07
85,293,442.48219558902775,2022-07-12 10:13:05
78,61,732.2131463658727,2022-11-20 03:20:39
73,485,767.8577700011987,2021-07-09 21:20:40
1,427,167.31908599266004,2022-09-01 17:44:37
51,380,614.1228979828649,2022-09-11 20:04:20
45,198,144.00054145490867,2021-05-27 13:42:03
77,295,753.8613351687552,2021-11-21 13:28:24
4,440,660.3856047044682,2021-08-17 04:38:23
62,319,957.0484748726234,2021-07-07 09:57:48
65,302,78.26843619285697,2022-03-25 00:11:07
32,344,66.48417393974177,2022-02-09 18:14:34
34,11,289.36520394626814,2022-12-08 14:45:12
92,62,269.0886268985469,2021-02-12 16:43:44
95,333,254.50901108127982,2021-09-03 01:37:46
72,226,907.1920347158264,2021-08-26 00:47:14
39,153,257.05073785101104,2021-05-04 11:56:56
26,199,279.2302288673447,2022-12-27 02:51:06
34,52,761.8042797937841,2021-12-23 13:41:53
54,260,455.2424440260346,2021-02-12 03:36:11
3,59,778.9434513856294,2022-04-08 18:15:31
50,72,74.7124959887414,2022-01-17 21:32:19
12,148,492.69548173665044,2021-02-17 05:10:41
65,349,43.27746418144981,2021-03-03 23:53:50
54,63,72.02667142080098,2021-09-30 14:26:58
5,310,907.3730788109668,2022-08-17 15:51:40
94,373,147.8529174064192,2021-01-26 07:52:50
94,243,537.0964754524649,2021-07-03 14:05:36
57,493,416.98464657469947,2021-04-26 00:18:13
17,366,353.86989299625424,2021-04-26 05:32:31
47,330,900.8350122303998,2022-12-20 02:55:51
23,107,31.605162807734605,2022-06-29 11:55:55
79,226,667.1517893138332,2021-06-12 07:22:26
85,313,963.760489871415,2022-07-09 23:47:48
14,218,564.5665016272235,2021-11-27 10:59:28
66,425,937.4542374127609,2022-07-03 21:19:18
75,241,61.73530049316353,2022-04-15 05:12:57
51,259,424.6053858834198,2021-04-16 20:03:40
38,376,267.5562130524306,2022-09-21 18:36:16
64,262,733.5127553309225,2022-02-17 09:28:27
98,5,981.4841195922742,2022-01-19 08:37:46
38,261,263.9647618198053,2021-01-25 18:58:32
50,54,657.6328554593338,2021-02-06 09:25:11
98,47,206.11665643214272,2021-07-17 11:40:38
82,215,569.6769520258938,2021-08-05 21:35:05
30,177,469.2931618214528,2022-12-03 16:51:58
79,9,972.2852763352217,2022-06-17 01:17:10
91,99,612.4419999695019,2021-07-30 08:14:12
51,20,356.0113083659506,2022-05-09 04:16:20
63,378,122.95482703905404,2021-01-26 09:54:50
98,241,159.7343604475852,2022-05-19 20:01:16
52,61,233.06376065172273,2022-06-28 10:39:32
38,379,258.456994726895,2022-10-05 09:08:48
97,490,852.1098972627265,2022-09-30 00:11:03
88,419,565.6105603996997,2022-07-03 16:35:55
79,178,528.1570022606228,2021-08-17 16:47:06
30,338,123.6211831505253,2022-10-22 18:57:20
51,62,861.5382964159406,2021-07-30 10:26:11
81,145,725.5861601763988,2021-11-19 05:41:44
5,216,76.99167828100157,2021-02-28 12:28:13
29,3,710.756746257471,2021-06-16 04:23:36
4,160,548.1028351692196,2022-08-01 09:08:36
10,227,90.90809228931047,2021-11-27 21:38:27
56,486,463.7176351133699,2021-01-29 12:38:42
17,269,489.8493242587465,2022-04-10 06:44:34
74,120,174.116794761643,2021-06-25 04:33:15
17,381,946.2411655302795,2021-03-07 04:06:01
84,495,851.4756177658553,2022-07-04 16:47:12
88,89,672.3321139558172,2021-02-03 13:51:32
69,329,467.6726053906011,2022-12-07 16:14:45
34,68,417.64788616866343,2021-07-02 16:13:35
6,398,654.4637324794446,2022-05-19 01:46:14
53,357,549.9775507128364,2021-01-20 22:35:07
66,98,71.65037482306676,2021-11-17 09:23:11
77,267,517.3776222826284,2022-06-24 13:29:12
43,105,808.3395810605111,2021-12-25 19:05:06
75,440,464.64747882098845,2021-08-16 09:43:10
23,323,61.437011778725726,2021-03-21 15:53:19
55,123,788.4154173901927,2021-10-14 05:13:53
80,476,209.35014431461465,2022-04-14 11:26:55
95,29,266.0346265391584,2022-04-09 21:42:37
75,137,173.05928989797295,2021-09-14 06:53:22
16,195,336.91291422278255,2022-06-03 21:19:39
8,409,759.1839906317487,2021-05-24 05:28:08
4,226,524.192000908898,2021-09-30 09:55:07
4,332,212.83246140920542,2021-04-07 13:38:48
56,170,879.0517773705204,2022-12-05 07:13:16
25,9,880.7860364020139,2022-05-25 18:00:49
67,463,871.8726407955469,2021-09-16 05:06:44
96,40,246.40824926772387,2022-04-27 04:33:16
67,25,456.7269507391782,2022-04-20 14:36:19
27,261,985.1397595794664,2021-11-24 23:43:26
93,395,774.2923515468905,2021-02-14 22:17:37
32,443,36.89574701330422,2022-03-17 21:11:43
50,226,74.55254534788713,2022-08-09 21:58:32
61,472,469.29206304420944,2021-02-24 20:30:00
51,124,910.1280038029446,2022-06-01 09:34:29
19,463,543.3147799731871,2021-06-25 13:36:10
21,38,502.83438295394734,2022-08-07 21:57:09
5,328,114.41896295706428,2021-09-14 08:13:43
82,251,660.2123036770511,2021-12-19 08:31:17
92,389,823.8821289942232,2022-09-20 03:05:04
42,176,386.6158074324867,2021-10-23 04:32:44
61,90,777.8557324160741,2021-07-19 23:40:06
22,402,964.8318873618035,2022-11-28 01:11:08
21,454,211.7287945364122,2021-08-22 01:48:28
70,37,528.0963348827938,2022-11-30 12:03:45
1,316,294.26657850372976,2021-07-24 06:39:04
5,176,794.925874843501,2022-07-31 16:24:55
12,461,581.8174322223459,2022-03-21 00:38:31
90,284,638.2365933748007,2022-07-02 13:07:18
46,453,799.9350180197351,2021-02-06 00:04:51
34,461,402.01076793583036,2021-07-29 21:35:13
49,81,915.9391677229728,2021-05-16 06:56:02
78,114,537.6985785736786,2021-06-05 11:03:55
90,40,166.37527460699454,2021-10-18 09:32:53
45,301,698.9401269871145,2021-07-29 03:52:11
27,224,795.3287369338718,2021-09-22 15:20:11
73,318,323.5940602968514,2021-08-12 23:45:24
26,349,858.6074644287654,2022-05-28 22:54:19
47,115,907.0818222181088,2022-05-17 04:09:11
86,186,284.13544250403083,2022-08-06 08:52:05
56,323,983.6862579880699,2021-02-22 04:59:44
94,56,149.30441276827082,2021-12-25 17:25:40
63,40,209.99551171846508,2021-11-03 04:41:31
48,354,192.38259084564586,2022-08-08 10:35:22
61,40,895.0498129077918,2022-02-23 02:41:38
81,347,657.7496268017122,2022-06-12 18:10:20
26,461,160.58324039005015,2022-07-12 14:20:40
36,237,445.9201841846655,2022-06-22 08:09:20
1,289,619.145044819104,2021-04-17 05:47:33
8,262,92.62944413948946,2021-02-08 01:04:53
99,216,883.5922047232654,2021-01-12 18:38:01
52,147,805.5675000871198,2022-09-17 03:34:12
79,336,510.1547058408718,2021-04-08 19:31:55
47,168,967.4553491065788,2021-11-01 01:38:54
56,92,423.5833694823487,2022-01-01 15:07:32
86,353,984.2692158461329,2021-01-28 01:32:57
14,59,671.2407988155908,2022-01-09 12:24:44
90,59,638.3245605214021,2021-07-23 12:23:00
28,304,174.29534634282714,2021-08-28 12:56:05
87,169,883.1084807215975,2022-04-04 08:32:23
78,269,433.214791041409,2022-05-20 01:55:13
88,363,170.61107172465455,2021-07-04 01:24:37
2,45,22.48144477600145,2021-11-08 02:02:56
26,345,564.1581268019987,2022-07-19 00:15:09
14,181,532.1256259014496,2022-01-03 11:48:25
59,170,722.160086145467,2021-01-09 12:59:14
56,356,891.3554724876241,2022-02-27 00:28:08
7,191,88.61251879659923,2021-04-01 17:48:50
3,155,734.1815254369587,2022-11-11 06:40:46
23,422,195.5378246566064,2021-04-16 06:36:21
18,188,859.5952826255923,2021-03-10 16:24:21
38,7,820.8728787230395,2021-02-22 04:56:19
99,133,545.385817435689,2022-05-09 07:34:47
15,235,713.1403706370784,2021-10-31 13:20:28
64,45,321.2066120519109,2022-06-30 07:54:18
89,314,476.4562199434865,2021-05-12 14:00:56
28,249,823.420528733367,2022-05-31 16:57:07
74,499,464.67254520148174,2022-06-02 07:49:13
39,31,364.22028267218735,2021-06-19 09:02:51
57,23,499.2703227777969,2021-12-16 02:15:53
17,426,829.9667599128462,2021-10-09 17:18:29
86,394,341.855966897164,2022-09-04 21:14:40
90,160,182.02397720438637,2021-03-31 04:11:34
44,363,714.8938801274729,2022-02-20 21:28:59
25,437,827.718430581001,2021-03-22 21:50:07
17,158,109.631103738298,2021-12-29 17:02:38
13,39,247.4753716283853,2021-02-22 11:04:48
84,415,150.55226986338397,2021-10-09 21:49:27
25,82,354.46199746634494,2021-11-21 00:35:39
68,356,455.8474691163585,2021-12-28 02:04:41
10,258,751.3380735936734,2022-10-28 02:26:19
67,206,654.6361090328573,2021-01-28 08:26:02
18,77,624.7192818036468,2022-10-02 01:05:57
86,477,358.85119714355784,2021-03-07 18:00:20
34,12,843.0330775539123,2022-11-22 05:22:49
8,295,476.57429572418295,2021-08-14 08:20:10
40,450,979.313888635003,2022-01-12 19:40:30
83,224,637.8007169127794,2022-05-27 01:09:49
42,13,135.0020941488577,2022-02-20 12:15:36
41,46,679.4157864546796,2022-06-23 11:21:05
6,155,331.852975277382,2022-05-06 08:26:12
52,113,689.4639247192365,2022-11-09 16:21:26
26,233,78.94473668078169,2021-04-06 19:26:23
